run_id,seed,t_train_fit,t_grok,metric_name,threshold_type,threshold_value,t_metric,lead_time_steps,lead_time_fraction_of_grok_time,metric_value_at_t_metric,metric_value_at_t_grok
run_seed0_p31_tf0p5_quadratic_w512_lr0p003_wd1p0_init1p0,0,50,20000,align_K1,relative_0.5,0.5,450.0,19550.0,0.9775,-0.0442835965809309,-0.0659904080747594
run_seed0_p31_tf0p5_quadratic_w512_lr0p003_wd1p0_init1p0,0,50,20000,align_K1,relative_0.8,0.8,3000.0,17000.0,0.85,-0.0626638501269034,-0.0659904080747594
run_seed0_p31_tf0p5_quadratic_w512_lr0p003_wd1p0_init1p0,0,50,20000,align_K1,absolute,0.2,,,,,-0.0659904080747594
run_seed0_p31_tf0p5_quadratic_w512_lr0p003_wd1p0_init1p0,0,50,20000,align_K1,absolute,0.4,,,,,-0.0659904080747594
run_seed0_p31_tf0p5_quadratic_w512_lr0p003_wd1p0_init1p0,0,50,20000,align_K1,absolute,0.6,,,,,-0.0659904080747594
run_seed0_p31_tf0p5_quadratic_w512_lr0p003_wd1p0_init1p0,0,50,20000,align_K2,relative_0.5,0.5,9000.0,11000.0,0.55,0.1256558502097383,0.11220230453639
run_seed0_p31_tf0p5_quadratic_w512_lr0p003_wd1p0_init1p0,0,50,20000,align_K2,relative_0.8,0.8,9000.0,11000.0,0.55,0.1256558502097383,0.11220230453639
run_seed0_p31_tf0p5_quadratic_w512_lr0p003_wd1p0_init1p0,0,50,20000,align_K2,absolute,0.2,,,,,0.11220230453639
run_seed0_p31_tf0p5_quadratic_w512_lr0p003_wd1p0_init1p0,0,50,20000,align_K2,absolute,0.4,,,,,0.11220230453639
run_seed0_p31_tf0p5_quadratic_w512_lr0p003_wd1p0_init1p0,0,50,20000,align_K2,absolute,0.6,,,,,0.11220230453639
run_seed0_p31_tf0p5_quadratic_w512_lr0p003_wd1p0_init1p0,0,50,20000,align_K4,relative_0.5,0.5,1450.0,18550.0,0.9275,0.0725495762076355,0.1339638624187358
run_seed0_p31_tf0p5_quadratic_w512_lr0p003_wd1p0_init1p0,0,50,20000,align_K4,relative_0.8,0.8,9000.0,11000.0,0.55,0.1470749271891993,0.1339638624187358
run_seed0_p31_tf0p5_quadratic_w512_lr0p003_wd1p0_init1p0,0,50,20000,align_K4,absolute,0.2,,,,,0.1339638624187358
run_seed0_p31_tf0p5_quadratic_w512_lr0p003_wd1p0_init1p0,0,50,20000,align_K4,absolute,0.4,,,,,0.1339638624187358
run_seed0_p31_tf0p5_quadratic_w512_lr0p003_wd1p0_init1p0,0,50,20000,align_K4,absolute,0.6,,,,,0.1339638624187358
run_seed0_p31_tf0p5_quadratic_w512_lr0p003_wd1p0_init1p0,0,50,20000,align_K8,relative_0.5,0.5,450.0,19550.0,0.9775,0.0976143159150631,0.1069406246875888
run_seed0_p31_tf0p5_quadratic_w512_lr0p003_wd1p0_init1p0,0,50,20000,align_K8,relative_0.8,0.8,450.0,19550.0,0.9775,0.0976143159150631,0.1069406246875888
run_seed0_p31_tf0p5_quadratic_w512_lr0p003_wd1p0_init1p0,0,50,20000,align_K8,absolute,0.2,,,,,0.1069406246875888
run_seed0_p31_tf0p5_quadratic_w512_lr0p003_wd1p0_init1p0,0,50,20000,align_K8,absolute,0.4,,,,,0.1069406246875888
run_seed0_p31_tf0p5_quadratic_w512_lr0p003_wd1p0_init1p0,0,50,20000,align_K8,absolute,0.6,,,,,0.1069406246875888
run_seed0_p31_tf0p5_quadratic_w512_lr0p003_wd1p0_init1p0,0,50,20000,random_align_K1,relative_0.5,0.5,50.0,19950.0,0.9975,-0.0103284287200451,0.0031382919250247
run_seed0_p31_tf0p5_quadratic_w512_lr0p003_wd1p0_init1p0,0,50,20000,random_align_K1,relative_0.8,0.8,50.0,19950.0,0.9975,-0.0103284287200451,0.0031382919250247
run_seed0_p31_tf0p5_quadratic_w512_lr0p003_wd1p0_init1p0,0,50,20000,random_align_K2,relative_0.5,0.5,3000.0,17000.0,0.85,-0.0336686321633262,-0.0366901016212466
run_seed0_p31_tf0p5_quadratic_w512_lr0p003_wd1p0_init1p0,0,50,20000,random_align_K2,relative_0.8,0.8,3000.0,17000.0,0.85,-0.0336686321633262,-0.0366901016212466
run_seed0_p31_tf0p5_quadratic_w512_lr0p003_wd1p0_init1p0,0,50,20000,random_align_K4,relative_0.5,0.5,100.0,19900.0,0.995,0.009035060844458,0.000921367325745
run_seed0_p31_tf0p5_quadratic_w512_lr0p003_wd1p0_init1p0,0,50,20000,random_align_K4,relative_0.8,0.8,100.0,19900.0,0.995,0.009035060844458,0.000921367325745
run_seed0_p31_tf0p5_quadratic_w512_lr0p003_wd1p0_init1p0,0,50,20000,random_align_K8,relative_0.5,0.5,50.0,19950.0,0.9975,-0.0367176599774674,-0.0340164489699813
run_seed0_p31_tf0p5_quadratic_w512_lr0p003_wd1p0_init1p0,0,50,20000,random_align_K8,relative_0.8,0.8,50.0,19950.0,0.9975,-0.0367176599774674,-0.0340164489699813
run_seed0_p31_tf0p5_quadratic_w512_lr0p003_wd1p0_init1p0,0,50,20000,b_drift_linear1,relative_0.5,0.5,4000.0,16000.0,0.8,309.04661273926314,601.662909186375
run_seed0_p31_tf0p5_quadratic_w512_lr0p003_wd1p0_init1p0,0,50,20000,b_drift_linear1,relative_0.8,0.8,10000.0,10000.0,0.5,482.9873929178583,601.662909186375
run_seed0_p31_tf0p5_quadratic_w512_lr0p003_wd1p0_init1p0,0,50,20000,b_drift_linear2,relative_0.5,0.5,1700.0,18300.0,0.915,53.53826703811359,104.41938353446596
run_seed0_p31_tf0p5_quadratic_w512_lr0p003_wd1p0_init1p0,0,50,20000,b_drift_linear2,relative_0.8,0.8,12000.0,8000.0,0.4,84.92989260475657,104.41938353446596
run_seed0_p31_tf0p5_quadratic_w512_lr0p003_wd1p0_init1p0,0,50,20000,g_drift_linear1,relative_0.5,0.5,,,,,0.0
run_seed0_p31_tf0p5_quadratic_w512_lr0p003_wd1p0_init1p0,0,50,20000,g_drift_linear1,relative_0.8,0.8,,,,,0.0
run_seed0_p31_tf0p5_quadratic_w512_lr0p003_wd1p0_init1p0,0,50,20000,g_drift_linear2,relative_0.5,0.5,3000.0,17000.0,0.85,78.85602606383742,130.01408977931365
run_seed0_p31_tf0p5_quadratic_w512_lr0p003_wd1p0_init1p0,0,50,20000,g_drift_linear2,relative_0.8,0.8,14000.0,6000.0,0.3,113.61848833930578,130.01408977931365
run_seed0_p31_tf0p5_quadratic_w512_lr0p003_wd1p0_init1p0,0,50,20000,log_weight_norm,relative_0.5,0.5,50.0,19950.0,0.9975,3.749209553049216,3.717495681813588
run_seed0_p31_tf0p5_quadratic_w512_lr0p003_wd1p0_init1p0,0,50,20000,log_weight_norm,relative_0.8,0.8,50.0,19950.0,0.9975,3.749209553049216,3.717495681813588
run_seed0_p31_tf0p5_quadratic_w512_lr0p003_wd1p0_init1p0,0,50,20000,ntk_drift_correct_logit,relative_0.5,0.5,3000.0,17000.0,0.85,60.05728714278367,109.05289167643134
run_seed0_p31_tf0p5_quadratic_w512_lr0p003_wd1p0_init1p0,0,50,20000,ntk_drift_correct_logit,relative_0.8,0.8,9000.0,11000.0,0.55,87.56423343331453,109.05289167643134
run_seed0_p31_tf0p5_quadratic_w512_lr0p003_wd1p0_init1p0,0,50,20000,ntk_drift_correct_logit,absolute,0.25,50.0,19950.0,0.9975,10.141739469341433,109.05289167643134
run_seed0_p31_tf0p5_quadratic_w512_lr0p003_wd1p0_init1p0,0,50,20000,ntk_drift_correct_logit,absolute,0.5,50.0,19950.0,0.9975,10.141739469341433,109.05289167643134
run_seed0_p31_tf0p5_quadratic_w512_lr0p003_wd1p0_init1p0,0,50,20000,ntk_drift_correct_logit,absolute,1.0,50.0,19950.0,0.9975,10.141739469341433,109.05289167643134
run_seed0_p31_tf0p5_quadratic_w512_lr0p003_wd1p0_init1p0,0,50,20000,train_loss,relative_0.5,0.5,50.0,19950.0,0.9975,0.8308569192886353,4.74401986139128e-06
run_seed0_p31_tf0p5_quadratic_w512_lr0p003_wd1p0_init1p0,0,50,20000,train_loss,relative_0.8,0.8,100.0,19900.0,0.995,0.0374690890312194,4.74401986139128e-06
run_seed0_p31_tf0p5_quadratic_w512_lr0p003_wd1p0_init1p0,0,50,20000,train_loss,absolute,0.05,100.0,19900.0,0.995,0.0374690890312194,4.74401986139128e-06
run_seed0_p31_tf0p5_quadratic_w512_lr0p003_wd1p0_init1p0,0,50,20000,train_loss,absolute,0.01,450.0,19550.0,0.9775,0.0098073473200201,4.74401986139128e-06
